chi,g
2,1.0728
4,1.01475
6,1.00485
8,1.005
10,1.00035
12,1.001
14,0.9999
16,1.0
18,1.0
20,1.0
